{
  "mean": [
    14.370030403137207,
    15.635507583618164,
    16.228208541870117,
    16.14101791381836,
    17.294044494628906,
    17.496549606323242,
    17.57736587524414,
    18.399520874023438,
    18.062240600585938,
    18.003381729125977,
    17.292329788208008,
    16.955549240112305,
    17.042362213134766,
    17.18242835998535,
    17.18861961364746,
    17.069082260131836,
    16.856613159179688,
    16.60939598083496,
    16.371902465820312,
    16.148231506347656,
    15.906933784484863,
    15.746322631835938,
    15.592314720153809,
    15.453271865844727,
    15.322452545166016,
    15.224709510803223,
    15.228602409362793,
    14.862444877624512,
    14.728134155273438,
    14.842998504638672,
    14.418401718139648,
    14.534809112548828,
    14.29249095916748,
    14.32799243927002,
    14.137219429016113,
    14.179627418518066,
    14.13529109954834,
    14.083385467529297,
    14.003031730651855,
    13.84656810760498,
    13.68517780303955,
    13.542434692382812,
    13.414887428283691,
    13.29861068725586,
    13.201809883117676,
    13.143304824829102,
    13.164233207702637,
    13.068665504455566,
    13.113463401794434,
    13.02228832244873,
    13.05090618133545,
    12.957512855529785,
    12.946000099182129,
    12.918670654296875,
    12.823616027832031,
    12.734884262084961,
    12.67230224609375,
    12.63485050201416,
    12.633746147155762,
    12.700233459472656,
    12.739891052246094,
    12.751277923583984,
    12.727237701416016,
    12.712075233459473,
    12.630913734436035,
    12.549822807312012,
    12.474964141845703,
    12.366863250732422,
    12.255038261413574,
    12.142624855041504,
    12.088373184204102,
    12.052324295043945,
    12.045493125915527,
    12.07486343383789,
    12.168133735656738,
    12.179851531982422,
    12.139002799987793,
    11.986372947692871,
    11.636797904968262,
    11.052961349487305
  ],
  "invstddev": [
    0.26114049553871155,
    0.25489145517349243,
    0.22931024432182312,
    0.23226875066757202,
    0.2099156230688095,
    0.19825658202171326,
    0.19253204762935638,
    0.18077193200588226,
    0.18360914289951324,
    0.1849851906299591,
    0.1912807673215866,
    0.19596071541309357,
    0.19392123818397522,
    0.19068944454193115,
    0.18827347457408905,
    0.18790440261363983,
    0.18904395401477814,
    0.19089217483997345,
    0.19408269226551056,
    0.19749489426612854,
    0.19697436690330505,
    0.20177926123142242,
    0.20330700278282166,
    0.20530220866203308,
    0.20771367847919464,
    0.2121722251176834,
    0.21471138298511505,
    0.21645405888557434,
    0.21808385848999023,
    0.21986182034015656,
    0.22230835258960724,
    0.22378921508789062,
    0.22522875666618347,
    0.22694385051727295,
    0.2278984934091568,
    0.22845962643623352,
    0.2289188802242279,
    0.22911563515663147,
    0.2304840236902237,
    0.232293039560318,
    0.2348206788301468,
    0.23723940551280975,
    0.23908761143684387,
    0.24056369066238403,
    0.24076148867607117,
    0.24072378873825073,
    0.23949123919010162,
    0.23853163421154022,
    0.23714685440063477,
    0.2365432232618332,
    0.2367495894432068,
    0.2362382560968399,
    0.23625335097312927,
    0.23743991553783417,
    0.23833699524402618,
    0.2414749562740326,
    0.24549604952335358,
    0.24694886803627014,
    0.24681180715560913,
    0.24633964896202087,
    0.24390831589698792,
    0.24191994965076447,
    0.24222524464130402,
    0.2448805570602417,
    0.24671413004398346,
    0.2479800581932068,
    0.2511606514453888,
    0.25137272477149963,
    0.25273391604423523,
    0.25475651025772095,
    0.25942495465278625,
    0.26038429141044617,
    0.2596185803413391,
    0.2577607035636902,
    0.2559126317501068,
    0.25329074263572693,
    0.2516840100288391,
    0.2520346939563751,
    0.252230703830719,
    0.25547465682029724
  ]
}